{
  "lang":"en",
  "name":"pipeline",
  "version":"0.0.0",
  "spacy_version":">=3.5.2,<3.6.0",
  "description":"",
  "author":"",
  "email":"",
  "url":"",
  "license":"",
  "spacy_git_version":"aea4a96f9",
  "vectors":{
    "width":0,
    "vectors":0,
    "keys":0,
    "name":null,
    "mode":"default"
  },
  "labels":{
    "tok2vec":[

    ],
    "parser":[
      "ROOT",
      "amod",
      "compound",
      "conj",
      "dep",
      "det",
      "dobj",
      "npadvmod",
      "nsubj",
      "nummod",
      "pobj",
      "poss",
      "xcomp"
    ]
  },
  "pipeline":[
    "tok2vec",
    "parser"
  ],
  "components":[
    "tok2vec",
    "parser"
  ],
  "disabled":[

  ],
  "performance":{
    "dep_uas":0.9733893557,
    "dep_las":0.8412698413,
    "dep_las_per_type":{
      "root":{
        "p":1.0,
        "r":0.9723404255,
        "f":0.9859762675
      },
      "compound":{
        "p":1.0,
        "r":0.9512195122,
        "f":0.975
      },
      "npadvmod":{
        "p":1.0,
        "r":0.8958333333,
        "f":0.9450549451
      },
      "xcomp":{
        "p":1.0,
        "r":0.6708860759,
        "f":0.803030303
      },
      "dobj":{
        "p":1.0,
        "r":0.9610778443,
        "f":0.9801526718
      },
      "advmod":{
        "p":0.0,
        "r":0.0,
        "f":0.0
      },
      "dep":{
        "p":0.0201729107,
        "r":1.0,
        "f":0.0395480226
      },
      "pobj":{
        "p":1.0,
        "r":0.9338842975,
        "f":0.9658119658
      },
      "nsubj":{
        "p":1.0,
        "r":0.9977426637,
        "f":0.9988700565
      },
      "amod":{
        "p":1.0,
        "r":0.8695652174,
        "f":0.9302325581
      },
      "nummod":{
        "p":1.0,
        "r":0.9649122807,
        "f":0.9821428571
      },
      "attr":{
        "p":0.0,
        "r":0.0,
        "f":0.0
      },
      "ccomp":{
        "p":0.0,
        "r":0.0,
        "f":0.0
      },
      "poss":{
        "p":1.0,
        "r":0.9220779221,
        "f":0.9594594595
      },
      "aux":{
        "p":0.0,
        "r":0.0,
        "f":0.0
      },
      "advcl":{
        "p":0.0,
        "r":0.0,
        "f":0.0
      },
      "prt":{
        "p":0.0,
        "r":0.0,
        "f":0.0
      },
      "det":{
        "p":1.0,
        "r":0.8333333333,
        "f":0.9090909091
      },
      "conj":{
        "p":1.0,
        "r":0.825,
        "f":0.904109589
      },
      "neg":{
        "p":0.0,
        "r":0.0,
        "f":0.0
      },
      "prep":{
        "p":0.0,
        "r":0.0,
        "f":0.0
      },
      "dative":{
        "p":0.0,
        "r":0.0,
        "f":0.0
      },
      "preconj":{
        "p":0.0,
        "r":0.0,
        "f":0.0
      },
      "intj":{
        "p":0.0,
        "r":0.0,
        "f":0.0
      },
      "csubj":{
        "p":0.0,
        "r":0.0,
        "f":0.0
      },
      "appos":{
        "p":0.0,
        "r":0.0,
        "f":0.0
      },
      "nsubjpass":{
        "p":0.0,
        "r":0.0,
        "f":0.0
      },
      "nmod":{
        "p":0.0,
        "r":0.0,
        "f":0.0
      },
      "acomp":{
        "p":0.0,
        "r":0.0,
        "f":0.0
      },
      "predet":{
        "p":0.0,
        "r":0.0,
        "f":0.0
      },
      "cc":{
        "p":0.0,
        "r":0.0,
        "f":0.0
      },
      "acl":{
        "p":0.0,
        "r":0.0,
        "f":0.0
      },
      "oprd":{
        "p":0.0,
        "r":0.0,
        "f":0.0
      },
      "mark":{
        "p":0.0,
        "r":0.0,
        "f":0.0
      },
      "relcl":{
        "p":0.0,
        "r":0.0,
        "f":0.0
      }
    },
    "sents_p":1.0,
    "sents_r":1.0,
    "sents_f":1.0,
    "tok2vec_loss":1500.0662058898,
    "parser_loss":266.49401272
  }
}